{
    "ConfigGeral": {
        "Status": "ON",
        "ColorEmbed": "#2dff00",
        "TermosCompra": "Não definido",
        "MercadoPagoConfig": {
            "PixToggle": "OFF",
            "SiteToggle": "OFF",
            "TimePagament": "20",
            "TokenAcessMP": ""
        },
        "SaldoConfig": {
            "SaldoStatus": "ON",
            "Bonus": "10",
            "ValorMinimo": "10"
        },
        "SemiAutoConfig": {
            "SemiAutoStatus": "ON",
            "pix": "19971350849",
            "qrcode": ""
        },
        "CashBack": {
            "ToggleCashBack": "OFF",
            "Porcentagem": "10"
        },
        "StatusBot": {
            "typestatus": null,
            "ativistatus": null,
            "textstatus": null,
            "urlstatus": null
        },
        "lenguage": "BRL",
        "EstiloMensagens": false,
        "ChannelsConfig": {
            "ChangeChannelMod": "1403795835137032306",
            "ChannelCategoriaShop": "1403795835137032304",
            "ChannelLogAdm": "1403795835137032306",
            "ChannelLogPublica": "1403795835137032306",
            "ChannelSugestao": "1403795835137032306",
            "ChangeChannelentrada": "1403795835137032306",
            "ChangeChannelsaida": "1403795835137032306",
            "feedbacks": "1403795835137032306",
            "CargoCliente": "1405347003398885439",
            "CargoAdm": "1403803319532650740"
        },
        "statuslogcompras": true,
        "CanalVoz": {
            "guild": "1403795834662813727",
            "channel": "1403795835137032307"
        }
    },
    "emojis": {
        "1_a": "<:1_a:1406333317401546752>",
        "2_a": "<:2_a:1406333322636034183>",
        "3_a": "<:3_a:1406333328709390500>",
        "4_a": "<:4_a:1406333333985562706>",
        "5_a": "<:5_a:1406333339396477030>",
        "6_a": "<:6_a:1406333344484032587>",
        "7_a": "<:7_a:1406333350142021732>",
        "8_a": "<:8_a:1406333355578097864>",
        "loading_promisse": "<a:loading_promisse:1406333361567432784>",
        "certo": "<:certo:1406333367112175747>",
        "errado": "<:errado:1406333372564766730>",
        "bolsaV": "<:bolsaV:1406333378013302804>",
        "chavefenda": "<:chavefenda:1406333383956500581>",
        "pessoafone": "<:pessoafone:1406333389497434343>",
        "caixa": "<:caixa:1406333395042041947>",
        "dev": "<:dev:1406333400322805801>",
        "info": "<:info:1406333406060740679>",
        "desligado": "<:desligado:1406333411404157060>",
        "ligado": "<:ligado:1406333416831582241>",
        "bolinha": "<:bolinha:1406333422581846026>",
        "sacola": "<:sacola:1406333428034441257>",
        "entrada": "<:entrada:1406333433583632444>",
        "saida": "<:saida:1406333439095083199>",
        "lock": "<:lock:1406333444157341869>",
        "unlock": "<:unlock:1406333449790554223>",
        "calendarioooo": "<:calendarioooo:1406333456048455690>",
        "carrinhobranco": "<:carrinhobranco:1406333461043875842>",
        "dinheiro2": "<:dinheiro2:1406333466806849619>",
        "giveaway": "<a:giveaway:1406333473005895701>",
        "usuario2": "<:usuario2:1406333478588518520>",
        "estrelinha": "<a:estrelinha:1406333485505056798>",
        "setinha": "<a:setinha:1406333491238670550>"
    }
}