{
    "mc153la316": {
        "ID": "mc153la316",
        "MessageID": "1405652869239279818",
        "ChannelID": "1403795835137032306",
        "embedconfig": {
            "cupom": true,
            "cargo": {
                "name": "1405347003398885439"
            },
            "color": "#FFFFFF",
            "categoria": "1403795835137032304"
        },
        "settings": {
            "price": 1,
            "name": "Arnold",
            "desc": "Tutubem?",
            "estoque": [
                "1",
                "1",
                "1",
                "1",
                "1",
                "1",
                "1",
                "1",
                "1"
            ]
        }
    }
}