{
    "67433419702": {
        "Status": "Entregue",
        "user": "1378850205742665799",
        "GuildServerID": "1403795834662813727",
        "ID": "carrinho_1378850205742665799",
        "IdCompra": "67433419702",
        "Metodo": "SemiAutomatico",
        "Data": "2025-08-14T09:36:51.735Z",
        "canal": "1403795835137032306",
        "msg": "1405485315656912906",
        "messageinfoprodutos": "Arnold x1",
        "produtosEntregues": "1"
    },
    "1405652895755534357": {
        "type": "SemiAutomatico",
        "canal": "1403795835137032306",
        "msg": "1405652927082922206",
        "uu2": "58584775871"
    }
}